PassengerId,Survived,Pclass,Sex,Age,Fare,Cabin,Embarked,Title,GroupSize,FamilySize
1,0,3,male,22.0,7.25,U,S,Mr,1,1
2,1,1,female,38.0,71.2833,C,C,Mrs,1,1
3,1,3,female,26.0,7.925,U,S,Miss,1,0
4,1,1,female,35.0,53.1,C,S,Mrs,2,1
5,0,3,male,35.0,8.05,U,S,Mr,1,0
6,0,3,male,29.0,8.4583,U,Q,Mr,1,0
7,0,1,male,54.0,51.8625,E,S,Mr,1,0
8,0,3,male,2.0,21.075,U,S,Master,4,4
9,1,3,female,27.0,11.1333,U,S,Mrs,3,2
10,1,2,female,14.0,30.0708,U,C,Mrs,2,1
11,1,3,female,4.0,16.7,G,S,Miss,2,2
12,1,1,female,58.0,26.55,C,S,Miss,1,0
13,0,3,male,20.0,8.05,U,S,Mr,1,0
14,0,3,male,39.0,31.275,U,S,Mr,7,6
15,0,3,female,14.0,7.8542,U,S,Miss,1,0
16,1,2,female,55.0,16.0,U,S,Mrs,1,0
17,0,3,male,2.0,29.125,U,Q,Master,5,5
18,1,2,male,29.0,13.0,U,S,Mr,1,0
19,0,3,female,31.0,18.0,U,S,Mrs,1,1
20,1,3,female,35.0,7.225,U,C,Mrs,1,0
21,0,2,male,35.0,26.0,U,S,Mr,2,0
22,1,2,male,34.0,13.0,D,S,Mr,1,0
23,1,3,female,15.0,8.0292,U,Q,Miss,1,0
24,1,1,male,28.0,35.5,A,S,Mr,1,0
25,0,3,female,8.0,21.075,U,S,Miss,4,4
26,1,3,female,38.0,31.3875,U,S,Mrs,4,6
27,0,3,male,29.0,7.225,U,C,Mr,1,0
28,0,1,male,19.0,263.0,C,S,Mr,4,5
29,1,3,female,21.0,7.8792,U,Q,Miss,1,0
30,0,3,male,29.0,7.8958,U,S,Mr,1,0
31,0,1,male,40.0,27.7208,U,C,Don,1,0
32,1,1,female,35.0,146.5208,B,C,Mrs,2,1
33,1,3,female,21.0,7.75,U,Q,Miss,1,0
34,0,2,male,66.0,10.5,U,S,Mr,1,0
35,0,1,male,28.0,82.1708,U,C,Mr,2,1
36,0,1,male,42.0,52.0,U,S,Mr,2,1
37,1,3,male,29.0,7.2292,U,C,Mr,1,0
38,0,3,male,21.0,8.05,U,S,Mr,1,0
39,0,3,female,18.0,18.0,U,S,Miss,2,2
40,1,3,female,14.0,11.2417,U,C,Miss,2,1
41,0,3,female,40.0,9.475,U,S,Mrs,1,1
42,0,2,female,27.0,21.0,U,S,Mrs,2,1
43,0,3,male,29.0,7.8958,U,C,Mr,1,0
44,1,2,female,3.0,41.5792,U,C,Miss,3,3
45,1,3,female,19.0,7.8792,U,Q,Miss,1,0
46,0,3,male,29.0,8.05,U,S,Mr,1,0
47,0,3,male,29.0,15.5,U,Q,Mr,1,1
48,1,3,female,21.0,7.75,U,Q,Miss,1,0
49,0,3,male,29.0,21.6792,U,C,Mr,1,2
50,0,3,female,18.0,17.8,U,S,Mrs,2,1
51,0,3,male,7.0,39.6875,U,S,Master,6,5
52,0,3,male,21.0,7.8,U,S,Mr,1,0
53,1,1,female,49.0,76.7292,D,C,Mrs,3,1
54,1,2,female,29.0,26.0,U,S,Mrs,1,1
55,0,1,male,65.0,61.9792,B,C,Mr,1,1
56,1,1,male,29.0,35.5,C,S,Mr,1,0
57,1,2,female,21.0,10.5,U,S,Miss,1,0
58,0,3,male,28.5,7.2292,U,C,Mr,1,0
59,1,2,female,5.0,27.75,U,S,Miss,3,3
60,0,3,male,11.0,46.9,U,S,Master,6,7
61,0,3,male,22.0,7.2292,U,C,Mr,1,0
62,1,1,female,38.0,80.0,B,U,Miss,2,0
63,0,1,male,45.0,83.475,C,S,Mr,2,1
64,0,3,male,4.0,27.9,U,S,Master,6,5
65,0,1,male,29.0,27.7208,U,C,Mr,1,0
66,1,3,male,3.5,15.2458,U,C,Master,2,2
67,1,2,female,29.0,10.5,F,S,Mrs,1,0
68,0,3,male,19.0,8.1583,U,S,Mr,1,0
69,1,3,female,17.0,7.925,U,S,Miss,1,6
70,0,3,male,26.0,8.6625,U,S,Mr,1,2
71,0,2,male,32.0,10.5,U,S,Mr,1,0
72,0,3,female,16.0,46.9,U,S,Miss,6,7
73,0,2,male,21.0,73.5,U,S,Mr,5,0
74,0,3,male,26.0,14.4542,U,C,Mr,1,1
75,1,3,male,32.0,56.4958,U,S,Mr,7,0
76,0,3,male,25.0,7.65,F,S,Mr,1,0
77,0,3,male,29.0,7.8958,U,S,Mr,1,0
78,0,3,male,29.0,8.05,U,S,Mr,1,0
79,1,2,male,0.83,29.0,U,S,Master,2,2
80,1,3,female,30.0,12.475,U,S,Miss,2,0
81,0,3,male,22.0,9.0,U,S,Mr,1,0
82,1,3,male,29.0,9.5,U,S,Mr,1,0
83,1,3,female,21.0,7.7875,U,Q,Miss,1,0
84,0,1,male,28.0,47.1,U,S,Mr,1,0
85,1,2,female,17.0,10.5,U,S,Miss,1,0
86,1,3,female,33.0,15.85,U,S,Mrs,2,3
87,0,3,male,16.0,34.375,U,S,Mr,4,4
88,0,3,male,29.0,8.05,U,S,Mr,1,0
89,1,1,female,23.0,263.0,C,S,Miss,4,5
90,0,3,male,24.0,8.05,U,S,Mr,1,0
91,0,3,male,29.0,8.05,U,S,Mr,1,0
92,0,3,male,20.0,7.8542,U,S,Mr,1,0
93,0,1,male,46.0,61.175,E,S,Mr,1,1
94,0,3,male,26.0,20.575,U,S,Mr,2,3
95,0,3,male,59.0,7.25,U,S,Mr,1,0
96,0,3,male,29.0,8.05,U,S,Mr,1,0
97,0,1,male,71.0,34.6542,A,C,Mr,1,0
98,1,1,male,23.0,63.3583,D,C,Mr,1,1
99,1,2,female,34.0,23.0,U,S,Mrs,2,1
100,0,2,male,34.0,26.0,U,S,Mr,2,1
101,0,3,female,28.0,7.8958,U,S,Miss,1,0
102,0,3,male,29.0,7.8958,U,S,Mr,1,0
103,0,1,male,21.0,77.2875,D,S,Mr,2,1
104,0,3,male,33.0,8.6542,U,S,Mr,1,0
105,0,3,male,37.0,7.925,U,S,Mr,1,2
106,0,3,male,28.0,7.8958,U,S,Mr,1,0
107,1,3,female,21.0,7.65,U,S,Miss,1,0
108,1,3,male,29.0,7.775,U,S,Mr,1,0
109,0,3,male,38.0,7.8958,U,S,Mr,1,0
110,1,3,female,21.0,24.15,U,Q,Miss,3,1
111,0,1,male,47.0,52.0,C,S,Mr,2,0
112,0,3,female,14.5,14.4542,U,C,Miss,2,1
113,0,3,male,22.0,8.05,U,S,Mr,1,0
114,0,3,female,20.0,9.825,U,S,Miss,1,1
115,0,3,female,17.0,14.4583,U,C,Miss,2,0
116,0,3,male,21.0,7.925,U,S,Mr,1,0
117,0,3,male,70.5,7.75,U,Q,Mr,1,0
118,0,2,male,29.0,21.0,U,S,Mr,2,1
119,0,1,male,24.0,247.5208,B,C,Mr,2,1
120,0,3,female,2.0,31.275,U,S,Miss,7,6
121,0,2,male,21.0,73.5,U,S,Mr,5,2
122,0,3,male,29.0,8.05,U,S,Mr,1,0
123,0,2,male,32.5,30.0708,U,C,Mr,2,1
124,1,2,female,32.5,13.0,E,S,Miss,1,0
125,0,1,male,54.0,77.2875,D,S,Mr,2,1
126,1,3,male,12.0,11.2417,U,C,Master,2,1
127,0,3,male,29.0,7.75,U,Q,Mr,1,0
128,1,3,male,24.0,7.1417,U,S,Mr,1,0
129,1,3,female,21.0,22.3583,F,C,Miss,2,2
130,0,3,male,45.0,6.975,U,S,Mr,1,0
131,0,3,male,33.0,7.8958,U,C,Mr,1,0
132,0,3,male,20.0,7.05,U,S,Mr,1,0
133,0,3,female,47.0,14.5,U,S,Mrs,1,1
134,1,2,female,29.0,26.0,U,S,Mrs,1,1
135,0,2,male,25.0,13.0,U,S,Mr,1,0
136,0,2,male,23.0,15.0458,U,C,Mr,1,0
137,1,1,female,19.0,26.2833,D,S,Miss,1,2
138,0,1,male,37.0,53.1,C,S,Mr,2,1
139,0,3,male,16.0,9.2167,U,S,Mr,2,0
140,0,1,male,24.0,79.2,B,C,Mr,2,0
141,0,3,female,35.0,15.2458,U,C,Mrs,2,2
142,1,3,female,22.0,7.75,U,S,Miss,1,0
143,1,3,female,24.0,15.85,U,S,Mrs,2,1
144,0,3,male,19.0,6.75,U,Q,Mr,1,0
145,0,2,male,18.0,11.5,U,S,Mr,1,0
146,0,2,male,19.0,36.75,U,S,Mr,2,2
147,1,3,male,27.0,7.7958,U,S,Mr,1,0
148,0,3,female,9.0,34.375,U,S,Miss,4,4
149,0,2,male,36.5,26.0,F,S,Mr,3,2
150,0,2,male,42.0,13.0,U,S,Rev,1,0
151,0,2,male,51.0,12.525,U,S,Rev,1,0
152,1,1,female,22.0,66.6,C,S,Mrs,2,1
153,0,3,male,55.5,8.05,U,S,Mr,1,0
154,0,3,male,40.5,14.5,U,S,Mr,1,2
155,0,3,male,29.0,7.3125,U,S,Mr,1,0
156,0,1,male,51.0,61.3792,U,C,Mr,1,1
157,1,3,female,16.0,7.7333,U,Q,Miss,1,0
158,0,3,male,30.0,8.05,U,S,Mr,1,0
159,0,3,male,29.0,8.6625,U,S,Mr,1,0
160,0,3,male,3.5,69.55,U,S,Master,7,10
161,0,3,male,44.0,16.1,U,S,Mr,1,1
162,1,2,female,40.0,15.75,U,S,Mrs,1,0
163,0,3,male,26.0,7.775,U,S,Mr,1,0
164,0,3,male,17.0,8.6625,U,S,Mr,1,0
165,0,3,male,1.0,39.6875,U,S,Master,6,5
166,1,3,male,9.0,20.525,U,S,Master,3,2
167,1,1,female,35.0,55.0,E,S,Mrs,2,1
168,0,3,female,45.0,27.9,U,S,Mrs,6,5
169,0,1,male,29.0,25.925,U,S,Mr,1,0
170,0,3,male,28.0,56.4958,U,S,Mr,7,0
171,0,1,male,61.0,33.5,B,S,Mr,1,0
172,0,3,male,4.0,29.125,U,Q,Master,5,5
173,1,3,female,1.0,11.1333,U,S,Miss,3,2
174,0,3,male,21.0,7.925,U,S,Mr,1,0
175,0,1,male,56.0,30.6958,A,C,Mr,1,0
176,0,3,male,18.0,7.8542,U,S,Mr,1,2
177,0,3,male,3.5,25.4667,U,S,Master,4,4
178,0,1,female,50.0,28.7125,C,C,Miss,1,0
179,0,2,male,30.0,13.0,U,S,Mr,1,0
180,0,3,male,36.0,0.0,U,S,Mr,4,0
181,0,3,female,21.0,69.55,U,S,Miss,7,10
182,0,2,male,29.0,15.05,U,C,Mr,1,0
183,0,3,male,9.0,31.3875,U,S,Master,4,6
184,1,2,male,1.0,39.0,F,S,Master,2,3
185,1,3,female,4.0,22.025,U,S,Miss,1,2
186,0,1,male,29.0,50.0,A,S,Mr,1,0
187,1,3,female,35.0,15.5,U,Q,Mrs,2,1
188,1,1,male,45.0,26.55,U,S,Mr,1,0
189,0,3,male,40.0,15.5,U,Q,Mr,2,2
190,0,3,male,36.0,7.8958,U,S,Mr,1,0
191,1,2,female,32.0,13.0,U,S,Mrs,1,0
192,0,2,male,19.0,13.0,U,S,Mr,1,0
193,1,3,female,19.0,7.8542,U,S,Miss,1,1
194,1,2,male,3.0,26.0,F,S,Master,3,2
195,1,1,female,44.0,27.7208,B,C,Mrs,1,0
196,1,1,female,58.0,146.5208,B,C,Miss,2,0
197,0,3,male,29.0,7.75,U,Q,Mr,1,0
198,0,3,male,42.0,8.4042,U,S,Mr,1,1
199,1,3,female,21.0,7.75,U,Q,Miss,1,0
200,0,2,female,24.0,13.0,U,S,Miss,1,0
201,0,3,male,28.0,9.5,U,S,Mr,1,0
202,0,3,male,29.0,69.55,U,S,Mr,7,10
203,0,3,male,34.0,6.4958,U,S,Mr,1,0
204,0,3,male,45.5,7.225,U,C,Mr,1,0
205,1,3,male,18.0,8.05,U,S,Mr,1,0
206,0,3,female,2.0,10.4625,G,S,Miss,2,1
207,0,3,male,32.0,15.85,U,S,Mr,2,1
208,1,3,male,26.0,18.7875,U,C,Mr,2,0
209,1,3,female,16.0,7.75,U,Q,Miss,1,0
210,1,1,male,40.0,31.0,A,C,Mr,1,0
211,0,3,male,24.0,7.05,U,S,Mr,1,0
212,1,2,female,35.0,21.0,U,S,Miss,1,0
213,0,3,male,22.0,7.25,U,S,Mr,1,0
214,0,2,male,30.0,13.0,U,S,Mr,1,0
215,0,3,male,29.0,7.75,U,Q,Mr,1,1
216,1,1,female,31.0,113.275,D,C,Miss,3,1
217,1,3,female,27.0,7.925,U,S,Miss,1,0
218,0,2,male,42.0,27.0,U,S,Mr,2,1
219,1,1,female,32.0,76.2917,D,C,Miss,1,0
220,0,2,male,30.0,10.5,U,S,Mr,1,0
221,1,3,male,16.0,8.05,U,S,Mr,1,0
222,0,2,male,27.0,13.0,U,S,Mr,1,0
223,0,3,male,51.0,8.05,U,S,Mr,1,0
224,0,3,male,29.0,7.8958,U,S,Mr,1,0
225,1,1,male,38.0,90.0,C,S,Mr,2,1
226,0,3,male,22.0,9.35,U,S,Mr,1,0
227,1,2,male,19.0,10.5,U,S,Mr,1,0
228,0,3,male,20.5,7.25,U,S,Mr,1,0
229,0,2,male,18.0,13.0,U,S,Mr,1,0
230,0,3,female,21.0,25.4667,U,S,Miss,4,4
231,1,1,female,35.0,83.475,C,S,Mrs,2,1
232,0,3,male,29.0,7.775,U,S,Mr,1,0
233,0,2,male,59.0,13.5,U,S,Mr,1,0
234,1,3,female,5.0,31.3875,U,S,Miss,4,6
235,0,2,male,24.0,10.5,U,S,Mr,1,0
236,0,3,female,21.0,7.55,U,S,Miss,1,0
237,0,2,male,44.0,26.0,U,S,Mr,1,1
238,1,2,female,8.0,26.25,U,S,Miss,3,2
239,0,2,male,19.0,10.5,U,S,Mr,1,0
240,0,2,male,33.0,12.275,U,S,Mr,1,0
241,0,3,female,21.0,14.4542,U,C,Miss,2,1
242,1,3,female,21.0,15.5,U,Q,Miss,2,1
243,0,2,male,29.0,10.5,U,S,Mr,1,0
244,0,3,male,22.0,7.125,U,S,Mr,1,0
245,0,3,male,30.0,7.225,U,C,Mr,1,0
246,0,1,male,44.0,90.0,C,Q,Dr,2,2
247,0,3,female,25.0,7.775,U,S,Miss,1,0
248,1,2,female,24.0,14.5,U,S,Mrs,2,2
249,1,1,male,37.0,52.5542,D,S,Mr,2,2
250,0,2,male,54.0,26.0,U,S,Rev,2,1
251,0,3,male,29.0,7.25,U,S,Mr,1,0
252,0,3,female,29.0,10.4625,G,S,Mrs,2,2
253,0,1,male,62.0,26.55,C,S,Mr,1,0
254,0,3,male,30.0,16.1,U,S,Mr,2,1
255,0,3,female,41.0,20.2125,U,S,Mrs,2,2
256,1,3,female,29.0,15.2458,U,C,Mrs,1,2
257,1,1,female,35.0,79.2,U,C,Mrs,1,0
258,1,1,female,30.0,86.5,B,S,Miss,3,0
259,1,1,female,35.0,512.3292,U,C,Miss,3,0
260,1,2,female,50.0,26.0,U,S,Mrs,2,1
261,0,3,male,29.0,7.75,U,Q,Mr,1,0
262,1,3,male,3.0,31.3875,U,S,Master,4,6
263,0,1,male,52.0,79.65,E,S,Mr,3,2
264,0,1,male,40.0,0.0,B,S,Mr,1,0
265,0,3,female,21.0,7.75,U,Q,Miss,1,0
266,0,2,male,36.0,10.5,U,S,Mr,1,0
267,0,3,male,16.0,39.6875,U,S,Mr,6,5
268,1,3,male,25.0,7.775,U,S,Mr,1,1
269,1,1,female,58.0,153.4625,C,S,Mrs,3,1
270,1,1,female,35.0,135.6333,C,S,Miss,3,0
271,0,1,male,29.0,31.0,U,S,Mr,2,0
272,1,3,male,25.0,0.0,U,S,Mr,4,0
273,1,2,female,41.0,19.5,U,S,Mrs,2,1
274,0,1,male,37.0,29.7,C,C,Mr,1,1
275,1,3,female,21.0,7.75,U,Q,Miss,1,0
276,1,1,female,63.0,77.9583,D,S,Miss,3,1
277,0,3,female,45.0,7.75,U,S,Miss,1,0
278,0,2,male,29.0,0.0,U,S,Mr,3,0
279,0,3,male,7.0,29.125,U,Q,Master,5,5
280,1,3,female,35.0,20.25,U,S,Mrs,2,2
281,0,3,male,65.0,7.75,U,Q,Mr,1,0
282,0,3,male,28.0,7.8542,U,S,Mr,1,0
283,0,3,male,16.0,9.5,U,S,Mr,1,0
284,1,3,male,19.0,8.05,U,S,Mr,1,0
285,0,1,male,29.0,26.0,A,S,Mr,1,0
286,0,3,male,33.0,8.6625,U,C,Mr,1,0
287,1,3,male,30.0,9.5,U,S,Mr,1,0
288,0,3,male,22.0,7.8958,U,S,Mr,1,0
289,1,2,male,42.0,13.0,U,S,Mr,1,0
290,1,3,female,22.0,7.75,U,Q,Miss,1,0
291,1,1,female,26.0,78.85,U,S,Miss,2,0
292,1,1,female,19.0,91.0792,B,C,Mrs,2,1
293,0,2,male,36.0,12.875,D,C,Mr,1,0
294,0,3,female,24.0,8.85,U,S,Miss,1,0
295,0,3,male,24.0,7.8958,U,S,Mr,1,0
296,0,1,male,29.0,27.7208,U,C,Mr,1,0
297,0,3,male,23.5,7.2292,U,C,Mr,1,0
298,0,1,female,2.0,151.55,C,S,Miss,4,3
299,1,1,male,29.0,30.5,C,S,Mr,1,0
300,1,1,female,50.0,247.5208,B,C,Mrs,2,1
301,1,3,female,21.0,7.75,U,Q,Miss,1,0
302,1,3,male,29.0,23.25,U,Q,Mr,2,2
303,0,3,male,19.0,0.0,U,S,Mr,4,0
304,1,2,female,21.0,12.35,E,Q,Miss,1,0
305,0,3,male,29.0,8.05,U,S,Mr,1,0
306,1,1,male,0.92,151.55,C,S,Master,4,3
307,1,1,female,21.0,110.8833,U,C,Miss,4,0
308,1,1,female,17.0,108.9,C,C,Mrs,2,1
309,0,2,male,30.0,24.0,U,C,Mr,2,1
310,1,1,female,30.0,56.9292,E,C,Miss,2,0
311,1,1,female,24.0,83.1583,C,C,Miss,2,0
312,1,1,female,18.0,262.375,B,C,Miss,2,4
313,0,2,female,26.0,26.0,U,S,Mrs,1,2
314,0,3,male,28.0,7.8958,U,S,Mr,1,0
315,0,2,male,43.0,26.25,U,S,Mr,3,2
316,1,3,female,26.0,7.8542,U,S,Miss,1,0
317,1,2,female,24.0,26.0,U,S,Mrs,2,1
318,0,2,male,54.0,14.0,U,S,Dr,1,0
319,1,1,female,31.0,164.8667,C,S,Miss,2,2
320,1,1,female,40.0,134.5,E,C,Mrs,2,2
321,0,3,male,22.0,7.25,U,S,Mr,1,0
322,0,3,male,27.0,7.8958,U,S,Mr,1,0
323,1,2,female,30.0,12.35,U,Q,Miss,1,0
324,1,2,female,22.0,29.0,U,S,Mrs,2,2
325,0,3,male,29.0,69.55,U,S,Mr,7,10
326,1,1,female,36.0,135.6333,C,C,Miss,3,0
327,0,3,male,61.0,6.2375,U,S,Mr,1,0
328,1,2,female,36.0,13.0,D,S,Mrs,1,0
329,1,3,female,31.0,20.525,U,S,Mrs,3,2
330,1,1,female,16.0,57.9792,B,C,Miss,2,1
331,1,3,female,21.0,23.25,U,Q,Miss,2,2
332,0,1,male,45.5,28.5,C,S,Mr,1,0
333,0,1,male,38.0,153.4625,C,S,Mr,3,1
334,0,3,male,16.0,18.0,U,S,Mr,2,2
335,1,1,female,35.0,133.65,U,S,Mrs,2,1
336,0,3,male,29.0,7.8958,U,S,Mr,1,0
337,0,1,male,29.0,66.6,C,S,Mr,2,1
338,1,1,female,41.0,134.5,E,C,Miss,2,0
339,1,3,male,45.0,8.05,U,S,Mr,1,0
340,0,1,male,45.0,35.5,T,S,Mr,1,0
341,1,2,male,2.0,26.0,F,S,Master,3,2
342,1,1,female,24.0,263.0,C,S,Miss,4,5
343,0,2,male,28.0,13.0,U,S,Mr,1,0
344,0,2,male,25.0,13.0,U,S,Mr,1,0
345,0,2,male,36.0,13.0,U,S,Mr,1,0
346,1,2,female,24.0,13.0,F,S,Miss,1,0
347,1,2,female,40.0,13.0,U,S,Miss,1,0
348,1,3,female,35.0,16.1,U,S,Mrs,1,1
349,1,3,male,3.0,15.9,U,S,Master,2,2
350,0,3,male,42.0,8.6625,U,S,Mr,1,0
351,0,3,male,23.0,9.225,U,S,Mr,1,0
352,0,1,male,29.0,35.0,C,S,Mr,1,0
353,0,3,male,15.0,7.2292,U,C,Mr,1,2
354,0,3,male,25.0,17.8,U,S,Mr,2,1
355,0,3,male,29.0,7.225,U,C,Mr,1,0
356,0,3,male,28.0,9.5,U,S,Mr,1,0
357,1,1,female,22.0,55.0,E,S,Miss,2,1
358,0,2,female,38.0,13.0,U,S,Miss,1,0
359,1,3,female,21.0,7.8792,U,Q,Miss,1,0
360,1,3,female,21.0,7.8792,U,Q,Miss,1,0
361,0,3,male,40.0,27.9,U,S,Mr,6,5
362,0,2,male,29.0,27.7208,U,C,Mr,1,1
363,0,3,female,45.0,14.4542,U,C,Mrs,2,1
364,0,3,male,35.0,7.05,U,S,Mr,1,0
365,0,3,male,29.0,15.5,U,Q,Mr,2,1
366,0,3,male,30.0,7.25,U,S,Mr,1,0
367,1,1,female,60.0,75.25,D,C,Mrs,1,1
368,1,3,female,35.0,7.2292,U,C,Mrs,1,0
369,1,3,female,21.0,7.75,U,Q,Miss,1,0
370,1,1,female,24.0,69.3,B,C,Mme,2,0
371,1,1,male,25.0,55.4417,E,C,Mr,1,1
372,0,3,male,18.0,6.4958,U,S,Mr,1,1
373,0,3,male,19.0,8.05,U,S,Mr,1,0
374,0,1,male,22.0,135.6333,U,C,Mr,3,0
375,0,3,female,3.0,21.075,U,S,Miss,4,4
376,1,1,female,35.0,82.1708,U,C,Mrs,2,1
377,1,3,female,22.0,7.25,U,S,Miss,1,0
378,0,1,male,27.0,211.5,C,C,Mr,1,2
379,0,3,male,20.0,4.0125,U,C,Mr,1,0
380,0,3,male,19.0,7.775,U,S,Mr,1,0
381,1,1,female,42.0,227.525,U,C,Miss,4,0
382,1,3,female,1.0,15.7417,U,C,Miss,2,2
383,0,3,male,32.0,7.925,U,S,Mr,1,0
384,1,1,female,35.0,52.0,U,S,Mrs,2,1
385,0,3,male,29.0,7.8958,U,S,Mr,1,0
386,0,2,male,18.0,73.5,U,S,Mr,5,0
387,0,3,male,1.0,46.9,U,S,Master,6,7
388,1,2,female,36.0,13.0,U,S,Miss,1,0
389,0,3,male,29.0,7.7292,U,Q,Mr,1,0
390,1,2,female,17.0,12.0,U,C,Miss,1,0
391,1,1,male,36.0,120.0,B,S,Mr,4,3
392,1,3,male,21.0,7.7958,U,S,Mr,1,0
393,0,3,male,28.0,7.925,U,S,Mr,1,2
394,1,1,female,23.0,113.275,D,C,Miss,3,1
395,1,3,female,24.0,16.7,G,S,Mrs,2,2
396,0,3,male,22.0,7.7958,U,S,Mr,1,0
397,0,3,female,31.0,7.8542,U,S,Miss,1,0
398,0,2,male,46.0,26.0,U,S,Mr,2,0
399,0,2,male,23.0,10.5,U,S,Dr,1,0
400,1,2,female,28.0,12.65,U,S,Mrs,1,0
401,1,3,male,39.0,7.925,U,S,Mr,1,0
402,0,3,male,26.0,8.05,U,S,Mr,1,0
403,0,3,female,21.0,9.825,U,S,Miss,1,1
404,0,3,male,28.0,15.85,U,S,Mr,2,1
405,0,3,female,20.0,8.6625,U,S,Miss,1,0
406,0,2,male,34.0,21.0,U,S,Mr,1,1
407,0,3,male,51.0,7.75,U,S,Mr,1,0
408,1,2,male,3.0,18.75,U,S,Master,3,2
409,0,3,male,21.0,7.775,U,S,Mr,1,0
410,0,3,female,21.0,25.4667,U,S,Miss,4,4
411,0,3,male,29.0,7.8958,U,S,Mr,1,0
412,0,3,male,29.0,6.8583,U,Q,Mr,1,0
413,1,1,female,33.0,90.0,C,Q,Miss,2,1
414,0,2,male,29.0,0.0,U,S,Mr,3,0
415,1,3,male,44.0,7.925,U,S,Mr,1,0
416,0,3,female,35.0,8.05,U,S,Mrs,1,0
417,1,2,female,34.0,32.5,U,S,Mrs,1,2
418,1,2,female,18.0,13.0,U,S,Miss,1,2
419,0,2,male,30.0,13.0,U,S,Mr,1,0
420,0,3,female,10.0,24.15,U,S,Miss,3,2
421,0,3,male,29.0,7.8958,U,C,Mr,1,0
422,0,3,male,21.0,7.7333,U,Q,Mr,1,0
423,0,3,male,29.0,7.875,U,S,Mr,1,0
424,0,3,female,28.0,14.4,U,S,Mrs,2,2
425,0,3,male,18.0,20.2125,U,S,Mr,2,2
426,0,3,male,29.0,7.25,U,S,Mr,1,0
427,1,2,female,28.0,26.0,U,S,Mrs,1,1
428,1,2,female,19.0,26.0,U,S,Miss,2,0
429,0,3,male,29.0,7.75,U,Q,Mr,1,0
430,1,3,male,32.0,8.05,E,S,Mr,1,0
431,1,1,male,28.0,26.55,C,S,Mr,1,0
432,1,3,female,35.0,16.1,U,S,Mrs,2,1
433,1,2,female,42.0,26.0,U,S,Mrs,1,1
434,0,3,male,17.0,7.125,U,S,Mr,1,0
435,0,1,male,50.0,55.9,E,S,Mr,2,1
436,1,1,female,14.0,120.0,B,S,Miss,4,3
437,0,3,female,21.0,34.375,U,S,Miss,4,4
438,1,2,female,24.0,18.75,U,S,Mrs,3,5
439,0,1,male,64.0,263.0,C,S,Mr,4,5
440,0,2,male,31.0,10.5,U,S,Mr,1,0
441,1,2,female,45.0,26.25,U,S,Mrs,3,2
442,0,3,male,20.0,9.5,U,S,Mr,1,0
443,0,3,male,25.0,7.775,U,S,Mr,1,1
444,1,2,female,28.0,13.0,U,S,Ms,1,0
445,1,3,male,29.0,8.1125,U,S,Mr,1,0
446,1,1,male,4.0,81.8583,A,S,Master,1,2
447,1,2,female,13.0,19.5,U,S,Miss,2,1
448,1,1,male,34.0,26.55,U,S,Mr,1,0
449,1,3,female,5.0,19.2583,U,C,Miss,4,3
450,1,1,male,52.0,30.5,C,S,Major,1,0
451,0,2,male,36.0,27.75,U,S,Mr,3,3
452,0,3,male,29.0,19.9667,U,S,Mr,1,1
453,0,1,male,30.0,27.75,C,C,Mr,1,0
454,1,1,male,49.0,89.1042,C,C,Mr,2,1
455,0,3,male,29.0,8.05,U,S,Mr,1,0
456,1,3,male,29.0,7.8958,U,C,Mr,1,0
457,0,1,male,65.0,26.55,E,S,Mr,1,0
458,1,1,female,35.0,51.8625,D,S,Mrs,1,1
459,1,2,female,50.0,10.5,U,S,Miss,1,0
460,0,3,male,29.0,7.75,U,Q,Mr,1,0
461,1,1,male,48.0,26.55,E,S,Mr,1,0
462,0,3,male,34.0,8.05,U,S,Mr,1,0
463,0,1,male,47.0,38.5,E,S,Mr,1,0
464,0,2,male,48.0,13.0,U,S,Mr,1,0
465,0,3,male,29.0,8.05,U,S,Mr,1,0
466,0,3,male,38.0,7.05,U,S,Mr,1,0
467,0,2,male,29.0,0.0,U,S,Mr,3,0
468,0,1,male,56.0,26.55,U,S,Mr,1,0
469,0,3,male,29.0,7.725,U,Q,Mr,1,0
470,1,3,female,0.75,19.2583,U,C,Miss,4,3
471,0,3,male,29.0,7.25,U,S,Mr,1,0
472,0,3,male,38.0,8.6625,U,S,Mr,1,0
473,1,2,female,33.0,27.75,U,S,Mrs,3,3
474,1,2,female,23.0,13.7917,D,C,Mrs,1,0
475,0,3,female,22.0,9.8375,U,S,Miss,1,0
476,0,1,male,29.0,52.0,A,S,Mr,2,0
477,0,2,male,34.0,21.0,U,S,Mr,2,1
478,0,3,male,29.0,7.0458,U,S,Mr,1,1
479,0,3,male,22.0,7.5208,U,S,Mr,1,0
480,1,3,female,2.0,12.2875,U,S,Miss,1,1
481,0,3,male,9.0,46.9,U,S,Master,6,7
482,0,2,male,29.0,0.0,U,S,Mr,1,0
483,0,3,male,50.0,8.05,U,S,Mr,1,0
484,1,3,female,63.0,9.5875,U,S,Mrs,1,0
485,1,1,male,25.0,91.0792,B,C,Mr,2,1
486,0,3,female,21.0,25.4667,U,S,Miss,4,4
487,1,1,female,35.0,90.0,C,S,Mrs,2,1
488,0,1,male,58.0,29.7,B,C,Mr,1,0
489,0,3,male,30.0,8.05,U,S,Mr,1,0
490,1,3,male,9.0,15.9,U,S,Master,2,2
491,0,3,male,29.0,19.9667,U,S,Mr,1,1
492,0,3,male,21.0,7.25,U,S,Mr,1,0
493,0,1,male,55.0,30.5,C,S,Mr,1,0
494,0,1,male,71.0,49.5042,U,C,Mr,1,0
495,0,3,male,21.0,8.05,U,S,Mr,1,0
496,0,3,male,29.0,14.4583,U,C,Mr,2,0
497,1,1,female,54.0,78.2667,D,C,Miss,2,1
498,0,3,male,29.0,15.1,U,S,Mr,1,0
499,0,1,female,25.0,151.55,C,S,Mrs,4,3
500,0,3,male,24.0,7.7958,U,S,Mr,1,0
501,0,3,male,17.0,8.6625,U,S,Mr,1,0
502,0,3,female,21.0,7.75,U,Q,Miss,1,0
503,0,3,female,21.0,7.6292,U,Q,Miss,1,0
504,0,3,female,37.0,9.5875,U,S,Miss,1,0
505,1,1,female,16.0,86.5,B,S,Miss,3,0
506,0,1,male,18.0,108.9,C,C,Mr,2,1
507,1,2,female,33.0,26.0,U,S,Mrs,2,2
508,1,1,male,29.0,26.55,U,S,Mr,1,0
509,0,3,male,28.0,22.525,U,S,Mr,1,0
510,1,3,male,26.0,56.4958,U,S,Mr,7,0
511,1,3,male,29.0,7.75,U,Q,Mr,1,0
512,0,3,male,29.0,8.05,U,S,Mr,1,0
513,1,1,male,36.0,26.2875,E,S,Mr,1,0
514,1,1,female,54.0,59.4,U,C,Mrs,1,1
515,0,3,male,24.0,7.4958,U,S,Mr,1,0
516,0,1,male,47.0,34.0208,D,S,Mr,1,0
517,1,2,female,34.0,10.5,F,S,Mrs,1,0
518,0,3,male,29.0,24.15,U,Q,Mr,3,0
519,1,2,female,36.0,26.0,U,S,Mrs,1,1
520,0,3,male,32.0,7.8958,U,S,Mr,1,0
521,1,1,female,30.0,93.5,B,S,Miss,2,0
522,0,3,male,22.0,7.8958,U,S,Mr,1,0
523,0,3,male,29.0,7.225,U,C,Mr,1,0
524,1,1,female,44.0,57.9792,B,C,Mrs,2,1
525,0,3,male,29.0,7.2292,U,C,Mr,1,0
526,0,3,male,40.5,7.75,U,Q,Mr,1,0
527,1,2,female,50.0,10.5,U,S,Miss,1,0
528,0,1,male,29.0,221.7792,C,S,Mr,1,0
529,0,3,male,39.0,7.925,U,S,Mr,1,0
530,0,2,male,23.0,11.5,U,S,Mr,1,3
531,1,2,female,2.0,26.0,U,S,Miss,2,2
532,0,3,male,29.0,7.2292,U,C,Mr,1,0
533,0,3,male,17.0,7.2292,U,C,Mr,1,2
534,1,3,female,35.0,22.3583,U,C,Mrs,2,2
535,0,3,female,30.0,8.6625,U,S,Miss,1,0
536,1,2,female,7.0,26.25,U,S,Miss,3,2
537,0,1,male,45.0,26.55,B,S,Major,1,0
538,1,1,female,30.0,106.425,U,C,Miss,2,0
539,0,3,male,29.0,14.5,U,S,Mr,1,0
540,1,1,female,22.0,49.5,B,C,Miss,1,2
541,1,1,female,36.0,71.0,B,S,Miss,2,2
542,0,3,female,9.0,31.275,U,S,Miss,7,6
543,0,3,female,11.0,31.275,U,S,Miss,7,6
544,1,2,male,32.0,26.0,U,S,Mr,2,1
545,0,1,male,50.0,106.425,C,C,Mr,2,1
546,0,1,male,64.0,26.0,U,S,Mr,1,0
547,1,2,female,19.0,26.0,U,S,Mrs,2,1
548,1,2,male,29.0,13.8625,U,C,Mr,1,0
549,0,3,male,33.0,20.525,U,S,Mr,3,2
550,1,2,male,8.0,36.75,U,S,Master,2,2
551,1,1,male,17.0,110.8833,C,C,Mr,4,2
552,0,2,male,27.0,26.0,U,S,Mr,1,0
553,0,3,male,29.0,7.8292,U,Q,Mr,1,0
554,1,3,male,22.0,7.225,U,C,Mr,1,0
555,1,3,female,22.0,7.775,U,S,Miss,1,0
556,0,1,male,62.0,26.55,U,S,Mr,1,0
557,1,1,female,48.0,39.6,A,C,Lady,1,1
558,0,1,male,29.0,227.525,U,C,Mr,4,0
559,1,1,female,39.0,79.65,E,S,Mrs,3,2
560,1,3,female,36.0,17.4,U,S,Mrs,1,1
561,0,3,male,29.0,7.75,U,Q,Mr,1,0
562,0,3,male,40.0,7.8958,U,S,Mr,1,0
563,0,2,male,28.0,13.5,U,S,Mr,1,0
564,0,3,male,29.0,8.05,U,S,Mr,1,0
565,0,3,female,21.0,8.05,U,S,Miss,1,0
566,0,3,male,24.0,24.15,U,S,Mr,2,2
567,0,3,male,19.0,7.8958,U,S,Mr,1,0
568,0,3,female,29.0,21.075,U,S,Mrs,4,4
569,0,3,male,29.0,7.2292,U,C,Mr,1,0
570,1,3,male,32.0,7.8542,U,S,Mr,1,0
571,1,2,male,62.0,10.5,U,S,Mr,1,0
572,1,1,female,53.0,51.4792,C,S,Mrs,1,2
573,1,1,male,36.0,26.3875,E,S,Mr,1,0
574,1,3,female,21.0,7.75,U,Q,Miss,1,0
575,0,3,male,16.0,8.05,U,S,Mr,1,0
576,0,3,male,19.0,14.5,U,S,Mr,2,0
577,1,2,female,34.0,13.0,U,S,Miss,1,0
578,1,1,female,39.0,55.9,E,S,Mrs,2,1
579,0,3,female,35.0,14.4583,U,C,Mrs,1,1
580,1,3,male,32.0,7.925,U,S,Mr,1,0
581,1,2,female,25.0,30.0,U,S,Miss,1,2
582,1,1,female,39.0,110.8833,C,C,Mrs,4,2
583,0,2,male,54.0,26.0,U,S,Mr,2,0
584,0,1,male,36.0,40.125,A,C,Mr,1,0
585,0,3,male,29.0,8.7125,U,C,Mr,1,0
586,1,1,female,18.0,79.65,E,S,Miss,3,2
587,0,2,male,47.0,15.0,U,S,Mr,1,0
588,1,1,male,60.0,79.2,B,C,Mr,1,2
589,0,3,male,22.0,8.05,U,S,Mr,1,0
590,0,3,male,29.0,8.05,U,S,Mr,1,0
591,0,3,male,35.0,7.125,U,S,Mr,1,0
592,1,1,female,52.0,78.2667,D,C,Mrs,2,1
593,0,3,male,47.0,7.25,U,S,Mr,1,0
594,0,3,female,21.0,7.75,U,Q,Miss,1,2
595,0,2,male,37.0,26.0,U,S,Mr,1,1
596,0,3,male,36.0,24.15,U,S,Mr,3,2
597,1,2,female,21.0,33.0,U,S,Miss,3,0
598,0,3,male,49.0,0.0,U,S,Mr,4,0
599,0,3,male,29.0,7.225,U,C,Mr,1,0
600,1,1,male,49.0,56.9292,A,C,Sir,2,1
601,1,2,female,24.0,27.0,U,S,Mrs,2,3
602,0,3,male,29.0,7.8958,U,S,Mr,1,0
603,0,1,male,29.0,42.4,U,S,Mr,1,0
604,0,3,male,44.0,8.05,U,S,Mr,1,0
605,1,1,male,35.0,26.55,U,C,Mr,1,0
606,0,3,male,36.0,15.55,U,S,Mr,1,1
607,0,3,male,30.0,7.8958,U,S,Mr,1,0
608,1,1,male,27.0,30.5,U,S,Mr,1,0
609,1,2,female,22.0,41.5792,U,C,Mrs,3,3
610,1,1,female,40.0,153.4625,C,S,Miss,3,0
611,0,3,female,39.0,31.275,U,S,Mrs,7,6
612,0,3,male,29.0,7.05,U,S,Mr,1,0
613,1,3,female,21.0,15.5,U,Q,Miss,2,1
614,0,3,male,29.0,7.75,U,Q,Mr,1,0
615,0,3,male,35.0,8.05,U,S,Mr,1,0
616,1,2,female,24.0,65.0,U,S,Miss,2,3
617,0,3,male,34.0,14.4,U,S,Mr,2,2
618,0,3,female,26.0,16.1,U,S,Mrs,2,1
619,1,2,female,4.0,39.0,F,S,Miss,2,3
620,0,2,male,26.0,10.5,U,S,Mr,1,0
621,0,3,male,27.0,14.4542,U,C,Mr,2,1
622,1,1,male,42.0,52.5542,D,S,Mr,1,1
623,1,3,male,20.0,15.7417,U,C,Mr,2,2
624,0,3,male,21.0,7.8542,U,S,Mr,1,0
625,0,3,male,21.0,16.1,U,S,Mr,2,0
626,0,1,male,61.0,32.3208,D,S,Mr,1,0
627,0,2,male,57.0,12.35,U,Q,Rev,1,0
628,1,1,female,21.0,77.9583,D,S,Miss,3,0
629,0,3,male,26.0,7.8958,U,S,Mr,1,0
630,0,3,male,29.0,7.7333,U,Q,Mr,1,0
631,1,1,male,80.0,30.0,A,S,Mr,1,0
632,0,3,male,51.0,7.0542,U,S,Mr,1,0
633,1,1,male,32.0,30.5,B,C,Dr,1,0
634,0,1,male,29.0,0.0,U,S,Mr,1,0
635,0,3,female,9.0,27.9,U,S,Miss,6,5
636,1,2,female,28.0,13.0,U,S,Miss,1,0
637,0,3,male,32.0,7.925,U,S,Mr,1,0
638,0,2,male,31.0,26.25,U,S,Mr,3,2
639,0,3,female,41.0,39.6875,U,S,Mrs,6,5
640,0,3,male,29.0,16.1,U,S,Mr,2,1
641,0,3,male,20.0,7.8542,U,S,Mr,1,0
642,1,1,female,24.0,69.3,B,C,Mlle,2,0
643,0,3,female,2.0,27.9,U,S,Miss,6,5
644,1,3,male,29.0,56.4958,U,S,Mr,7,0
645,1,3,female,0.75,19.2583,U,C,Miss,4,3
646,1,1,male,48.0,76.7292,D,C,Mr,3,1
647,0,3,male,19.0,7.8958,U,S,Mr,1,0
648,1,1,male,56.0,35.5,A,C,Col,1,0
649,0,3,male,29.0,7.55,U,S,Mr,1,0
650,1,3,female,23.0,7.55,U,S,Miss,1,0
651,0,3,male,29.0,7.8958,U,S,Mr,1,0
652,1,2,female,18.0,23.0,U,S,Miss,2,1
653,0,3,male,21.0,8.4333,U,S,Mr,1,0
654,1,3,female,21.0,7.8292,U,Q,Miss,1,0
655,0,3,female,18.0,6.75,U,Q,Miss,1,0
656,0,2,male,24.0,73.5,U,S,Mr,5,2
657,0,3,male,29.0,7.8958,U,S,Mr,1,0
658,0,3,female,32.0,15.5,U,Q,Mrs,2,2
659,0,2,male,23.0,13.0,U,S,Mr,1,0
660,0,1,male,58.0,113.275,D,C,Mr,3,2
661,1,1,male,50.0,133.65,U,S,Dr,2,2
662,0,3,male,40.0,7.225,U,C,Mr,1,0
663,0,1,male,47.0,25.5875,E,S,Mr,1,0
664,0,3,male,36.0,7.4958,U,S,Mr,1,0
665,1,3,male,20.0,7.925,U,S,Mr,1,1
666,0,2,male,32.0,73.5,U,S,Mr,5,2
667,0,2,male,25.0,13.0,U,S,Mr,1,0
668,0,3,male,29.0,7.775,U,S,Mr,1,0
669,0,3,male,43.0,8.05,U,S,Mr,1,0
670,1,1,female,35.0,52.0,C,S,Mrs,2,1
671,1,2,female,40.0,39.0,U,S,Mrs,2,2
672,0,1,male,31.0,52.0,B,S,Mr,1,1
673,0,2,male,70.0,10.5,U,S,Mr,1,0
674,1,2,male,31.0,13.0,U,S,Mr,1,0
675,0,2,male,29.0,0.0,U,S,Mr,1,0
676,0,3,male,18.0,7.775,U,S,Mr,1,0
677,0,3,male,24.5,8.05,U,S,Mr,1,0
678,1,3,female,18.0,9.8417,U,S,Miss,1,0
679,0,3,female,43.0,46.9,U,S,Mrs,6,7
680,1,1,male,36.0,512.3292,B,C,Mr,3,1
681,0,3,female,21.0,8.1375,U,Q,Miss,1,0
682,1,1,male,27.0,76.7292,D,C,Mr,3,0
683,0,3,male,20.0,9.225,U,S,Mr,1,0
684,0,3,male,14.0,46.9,U,S,Mr,6,7
685,0,2,male,60.0,39.0,U,S,Mr,2,2
686,0,2,male,25.0,41.5792,U,C,Mr,3,3
687,0,3,male,14.0,39.6875,U,S,Mr,6,5
688,0,3,male,19.0,10.1708,U,S,Mr,1,0
689,0,3,male,18.0,7.7958,U,S,Mr,1,0
690,1,1,female,15.0,211.3375,B,S,Miss,3,1
691,1,1,male,31.0,57.0,B,S,Mr,2,1
692,1,3,female,4.0,13.4167,U,C,Miss,1,1
693,1,3,male,29.0,56.4958,U,S,Mr,7,0
694,0,3,male,25.0,7.225,U,C,Mr,1,0
695,0,1,male,60.0,26.55,U,S,Col,1,0
696,0,2,male,52.0,13.5,U,S,Mr,1,0
697,0,3,male,44.0,8.05,U,S,Mr,1,0
698,1,3,female,21.0,7.7333,U,Q,Miss,1,0
699,0,1,male,49.0,110.8833,C,C,Mr,4,2
700,0,3,male,42.0,7.65,F,S,Mr,1,0
701,1,1,female,18.0,227.525,C,C,Mrs,4,1
702,1,1,male,35.0,26.2875,E,S,Mr,1,0
703,0,3,female,18.0,14.4542,U,C,Miss,2,1
704,0,3,male,25.0,7.7417,U,Q,Mr,1,0
705,0,3,male,26.0,7.8542,U,S,Mr,1,1
706,0,2,male,39.0,26.0,U,S,Mr,2,0
707,1,2,female,45.0,13.5,U,S,Mrs,1,0
708,1,1,male,42.0,26.2875,E,S,Mr,1,0
709,1,1,female,22.0,151.55,U,S,Miss,4,0
710,1,3,male,3.5,15.2458,U,C,Master,2,2
711,1,1,female,24.0,49.5042,C,C,Mlle,1,0
712,0,1,male,29.0,26.55,C,S,Mr,1,0
713,1,1,male,48.0,52.0,C,S,Mr,2,1
714,0,3,male,29.0,9.4833,U,S,Mr,1,0
715,0,2,male,52.0,13.0,U,S,Mr,2,0
716,0,3,male,19.0,7.65,F,S,Mr,1,0
717,1,1,female,38.0,227.525,C,C,Miss,4,0
718,1,2,female,27.0,10.5,E,S,Miss,1,0
719,0,3,male,29.0,15.5,U,Q,Mr,1,0
720,0,3,male,33.0,7.775,U,S,Mr,1,0
721,1,2,female,6.0,33.0,U,S,Miss,3,1
722,0,3,male,17.0,7.0542,U,S,Mr,1,1
723,0,2,male,34.0,13.0,U,S,Mr,1,0
724,0,2,male,50.0,13.0,U,S,Mr,1,0
725,1,1,male,27.0,53.1,E,S,Mr,2,1
726,0,3,male,20.0,8.6625,U,S,Mr,1,0
727,1,2,female,30.0,21.0,U,S,Mrs,2,3
728,1,3,female,21.0,7.7375,U,Q,Miss,1,0
729,0,2,male,25.0,26.0,U,S,Mr,1,1
730,0,3,female,25.0,7.925,U,S,Miss,1,1
731,1,1,female,29.0,211.3375,B,S,Miss,3,0
732,0,3,male,11.0,18.7875,U,C,Mr,2,0
733,0,2,male,29.0,0.0,U,S,Mr,1,0
734,0,2,male,23.0,13.0,U,S,Mr,1,0
735,0,2,male,23.0,13.0,U,S,Mr,1,0
736,0,3,male,28.5,16.1,U,S,Mr,2,0
737,0,3,female,48.0,34.375,U,S,Mrs,4,4
738,1,1,male,35.0,512.3292,B,C,Mr,3,0
739,0,3,male,29.0,7.8958,U,S,Mr,1,0
740,0,3,male,29.0,7.8958,U,S,Mr,1,0
741,1,1,male,29.0,30.0,D,S,Mr,1,0
742,0,1,male,36.0,78.85,C,S,Mr,2,1
743,1,1,female,21.0,262.375,B,C,Miss,2,4
744,0,3,male,24.0,16.1,U,S,Mr,1,1
745,1,3,male,31.0,7.925,U,S,Mr,1,0
746,0,1,male,70.0,71.0,B,S,Capt,2,2
747,0,3,male,16.0,20.25,U,S,Mr,2,2
748,1,2,female,30.0,13.0,U,S,Miss,1,0
749,0,1,male,19.0,53.1,D,S,Mr,1,1
750,0,3,male,31.0,7.75,U,Q,Mr,1,0
751,1,2,female,4.0,23.0,U,S,Miss,1,2
752,1,3,male,6.0,12.475,E,S,Master,2,1
753,0,3,male,33.0,9.5,U,S,Mr,1,0
754,0,3,male,23.0,7.8958,U,S,Mr,1,0
755,1,2,female,48.0,65.0,U,S,Mrs,2,3
756,1,2,male,0.67,14.5,U,S,Master,2,2
757,0,3,male,28.0,7.7958,U,S,Mr,1,0
758,0,2,male,18.0,11.5,U,S,Mr,1,0
759,0,3,male,34.0,8.05,U,S,Mr,1,0
760,1,1,female,33.0,86.5,B,S,Countess,3,0
761,0,3,male,29.0,14.5,U,S,Mr,2,0
762,0,3,male,41.0,7.125,U,S,Mr,1,0
763,1,3,male,20.0,7.2292,U,C,Mr,1,0
764,1,1,female,36.0,120.0,B,S,Mrs,4,3
765,0,3,male,16.0,7.775,U,S,Mr,1,0
766,1,1,female,51.0,77.9583,D,S,Mrs,3,1
767,0,1,male,46.5,39.6,U,C,Dr,1,0
768,0,3,female,30.5,7.75,U,Q,Miss,1,0
769,0,3,male,29.0,24.15,U,Q,Mr,3,1
770,0,3,male,32.0,8.3625,U,S,Mr,1,0
771,0,3,male,24.0,9.5,U,S,Mr,1,0
772,0,3,male,48.0,7.8542,U,S,Mr,1,0
773,0,2,female,57.0,10.5,E,S,Mrs,2,0
774,0,3,male,29.0,7.225,U,C,Mr,1,0
775,1,2,female,54.0,23.0,U,S,Mrs,1,4
776,0,3,male,18.0,7.75,U,S,Mr,1,0
777,0,3,male,29.0,7.75,F,Q,Mr,1,0
778,1,3,female,5.0,12.475,U,S,Miss,2,0
779,0,3,male,29.0,7.7375,U,Q,Mr,1,0
780,1,1,female,43.0,211.3375,B,S,Mrs,3,1
781,1,3,female,13.0,7.2292,U,C,Miss,1,0
782,1,1,female,17.0,57.0,B,S,Mrs,2,1
783,0,1,male,29.0,30.0,D,S,Mr,1,0
784,0,3,male,29.0,23.45,U,S,Mr,2,3
785,0,3,male,25.0,7.05,U,S,Mr,1,0
786,0,3,male,25.0,7.25,U,S,Mr,1,0
787,1,3,female,18.0,7.4958,U,S,Miss,1,0
788,0,3,male,8.0,29.125,U,Q,Master,5,5
789,1,3,male,1.0,20.575,U,S,Master,2,3
790,0,1,male,46.0,79.2,B,C,Mr,2,0
791,0,3,male,29.0,7.75,U,Q,Mr,1,0
792,0,2,male,16.0,26.0,U,S,Mr,2,0
793,0,3,female,21.0,69.55,U,S,Miss,7,10
794,0,1,male,29.0,30.6958,U,C,Mr,1,0
795,0,3,male,25.0,7.8958,U,S,Mr,1,0
796,0,2,male,39.0,13.0,U,S,Mr,1,0
797,1,1,female,49.0,25.9292,D,S,Dr,1,0
798,1,3,female,31.0,8.6833,U,S,Mrs,1,0
799,0,3,male,30.0,7.2292,U,C,Mr,1,0
800,0,3,female,30.0,24.15,U,S,Mrs,3,2
801,0,2,male,34.0,13.0,U,S,Mr,2,0
802,1,2,female,31.0,26.25,U,S,Mrs,3,2
803,1,1,male,11.0,120.0,B,S,Master,4,3
804,1,3,male,0.42,8.5167,U,C,Master,1,1
805,1,3,male,27.0,6.975,U,S,Mr,1,0
806,0,3,male,31.0,7.775,U,S,Mr,1,0
807,0,1,male,39.0,0.0,A,S,Mr,1,0
808,0,3,female,18.0,7.775,U,S,Miss,1,0
809,0,2,male,39.0,13.0,U,S,Mr,1,0
810,1,1,female,33.0,53.1,E,S,Mrs,2,1
811,0,3,male,26.0,7.8875,U,S,Mr,1,0
812,0,3,male,39.0,24.15,U,S,Mr,2,0
813,0,2,male,35.0,10.5,U,S,Mr,1,0
814,0,3,female,6.0,31.275,U,S,Miss,7,6
815,0,3,male,30.5,8.05,U,S,Mr,1,0
816,0,1,male,29.0,0.0,B,S,Mr,1,0
817,0,3,female,23.0,7.925,U,S,Miss,1,0
818,0,2,male,31.0,37.0042,U,C,Mr,2,2
819,0,3,male,43.0,6.45,U,S,Mr,1,0
820,0,3,male,10.0,27.9,U,S,Master,6,5
821,1,1,female,52.0,93.5,B,S,Mrs,2,2
822,1,3,male,27.0,8.6625,U,S,Mr,1,0
823,0,1,male,38.0,0.0,U,S,Jonkheer,1,0
824,1,3,female,27.0,12.475,E,S,Mrs,2,1
825,0,3,male,2.0,39.6875,U,S,Master,6,5
826,0,3,male,29.0,6.95,U,Q,Mr,1,0
827,0,3,male,29.0,56.4958,U,S,Mr,7,0
828,1,2,male,1.0,37.0042,U,C,Master,2,2
829,1,3,male,29.0,7.75,U,Q,Mr,1,0
830,1,1,female,62.0,80.0,B,U,Mrs,2,0
831,1,3,female,15.0,14.4542,U,C,Mrs,2,1
832,1,2,male,0.83,18.75,U,S,Master,3,2
833,0,3,male,29.0,7.2292,U,C,Mr,1,0
834,0,3,male,23.0,7.8542,U,S,Mr,1,0
835,0,3,male,18.0,8.3,U,S,Mr,1,0
836,1,1,female,39.0,83.1583,E,C,Miss,1,2
837,0,3,male,21.0,8.6625,U,S,Mr,1,0
838,0,3,male,29.0,8.05,U,S,Mr,1,0
839,1,3,male,32.0,56.4958,U,S,Mr,7,0
840,1,1,male,29.0,29.7,C,C,Mr,1,0
841,0,3,male,20.0,7.925,U,S,Mr,1,0
842,0,2,male,16.0,10.5,U,S,Mr,2,0
843,1,1,female,30.0,31.0,U,C,Miss,2,0
844,0,3,male,34.5,6.4375,U,C,Mr,1,0
845,0,3,male,17.0,8.6625,U,S,Mr,1,0
846,0,3,male,42.0,7.55,U,S,Mr,1,0
847,0,3,male,29.0,69.55,U,S,Mr,7,10
848,0,3,male,35.0,7.8958,U,C,Mr,1,0
849,0,2,male,28.0,33.0,U,S,Rev,3,1
850,1,1,female,35.0,89.1042,C,C,Mrs,2,1
851,0,3,male,4.0,31.275,U,S,Master,7,6
852,0,3,male,74.0,7.775,U,S,Mr,1,0
853,0,3,female,9.0,15.2458,U,C,Miss,2,2
854,1,1,female,16.0,39.4,D,S,Miss,1,1
855,0,2,female,44.0,26.0,U,S,Mrs,2,1
856,1,3,female,18.0,9.35,U,S,Mrs,1,1
857,1,1,female,45.0,164.8667,U,S,Mrs,2,2
858,1,1,male,51.0,26.55,E,S,Mr,1,0
859,1,3,female,24.0,19.2583,U,C,Mrs,4,3
860,0,3,male,29.0,7.2292,U,C,Mr,1,0
861,0,3,male,41.0,14.1083,U,S,Mr,1,2
862,0,2,male,21.0,11.5,U,S,Mr,1,1
863,1,1,female,48.0,25.9292,D,S,Mrs,1,0
864,0,3,female,21.0,69.55,U,S,Miss,7,10
865,0,2,male,24.0,13.0,U,S,Mr,1,0
866,1,2,female,42.0,13.0,U,S,Mrs,1,0
867,1,2,female,27.0,13.8583,U,C,Miss,1,1
868,0,1,male,31.0,50.4958,A,S,Mr,1,0
869,0,3,male,29.0,9.5,U,S,Mr,1,0
870,1,3,male,4.0,11.1333,U,S,Master,3,2
871,0,3,male,26.0,7.8958,U,S,Mr,1,0
872,1,1,female,47.0,52.5542,D,S,Mrs,2,2
873,0,1,male,33.0,5.0,B,S,Mr,1,0
874,0,3,male,47.0,9.0,U,S,Mr,1,0
875,1,2,female,28.0,24.0,U,C,Mrs,2,1
876,1,3,female,15.0,7.225,U,C,Miss,1,0
877,0,3,male,20.0,9.8458,U,S,Mr,2,0
878,0,3,male,19.0,7.8958,U,S,Mr,1,0
879,0,3,male,29.0,7.8958,U,S,Mr,1,0
880,1,1,female,56.0,83.1583,C,C,Mrs,2,1
881,1,2,female,25.0,26.0,U,S,Mrs,2,1
882,0,3,male,33.0,7.8958,U,S,Mr,1,0
883,0,3,female,22.0,10.5167,U,S,Miss,1,0
884,0,2,male,28.0,10.5,U,S,Mr,1,0
885,0,3,male,25.0,7.05,U,S,Mr,1,0
886,0,3,female,39.0,29.125,U,Q,Mrs,5,5
887,0,2,male,27.0,13.0,U,S,Rev,1,0
888,1,1,female,19.0,30.0,B,S,Miss,1,0
889,0,3,female,21.0,23.45,U,S,Miss,2,3
890,1,1,male,26.0,30.0,C,C,Mr,1,0
891,0,3,male,32.0,7.75,U,Q,Mr,1,0
